,note,creation_date,reps
0,Зеттелькастен.md,2025-01-27 14:52:43.039135,0
1,Андроид-разработка\Activity.md,2025-01-10 18:56:27.923042,0
2,Андроид-разработка\Android-manifest.md,2025-01-10 18:53:32.516124,0
3,Андроид-разработка\Breakpoint.md,2024-12-28 19:40:59.442735,0
4,Андроид-разработка\Debugger.md,2024-12-28 19:40:59.442735,0
5,Андроид-разработка\Gradle.md,2024-12-28 19:46:29.605566,0
6,Андроид-разработка\Logcat.md,2024-12-28 19:41:37.555577,0
7,Андроид-разработка\xml.md,2025-01-10 18:55:22.646815,0
8,Андроид-разработка\Андроид-разработка.md,2025-01-10 18:47:38.569680,0
9,Андроид-разработка\Компоненты приложения.md,2025-01-10 18:44:59.933528,0
10,Андроид-разработка\Модули приложения.md,2024-12-28 19:38:25.377180,0
11,Андроид-разработка\Структура проекта.md,2024-12-28 19:39:16.026899,0
12,Андроид-разработка\Kotlin\Kotlin.md,2024-12-29 17:54:26.125677,0
13,Андроид-разработка\Kotlin\String.md,2024-12-29 20:13:05.052601,0
14,Андроид-разработка\Kotlin\Коллекции.md,2025-01-02 16:48:26.502313,0
15,Андроид-разработка\Kotlin\Обработка ошибок.md,2025-01-10 18:31:29.533008,0
16,Андроид-разработка\Kotlin\Переменные.md,2024-12-29 17:56:45.217510,0
17,Андроид-разработка\Kotlin\Типы данных.md,2024-12-29 19:50:12.108084,0
18,Андроид-разработка\Kotlin\Условные операторы.md,2025-01-01 18:51:44.172168,0
19,Андроид-разработка\Kotlin\Функции.md,2024-12-29 17:59:18.933029,0
20,Андроид-разработка\Kotlin\Циклы.md,2025-01-01 18:55:55.011693,0
21,Андроид-разработка\Kotlin\ООП\Companion-object.md,2025-01-02 17:16:18.899717,0
22,Андроид-разработка\Kotlin\ООП\Data-класс.md,2025-01-02 16:44:11.348235,0
23,Андроид-разработка\Kotlin\ООП\Enum-класс.md,2025-01-02 16:52:41.392555,0
24,Андроид-разработка\Kotlin\ООП\Filter и Map.md,2025-01-02 16:51:47.718231,0
25,Андроид-разработка\Kotlin\ООП\Generics.md,2025-01-10 18:43:25.803877,0
26,Андроид-разработка\Kotlin\ООП\Sealed-класс.md,2025-01-02 16:52:38.034664,0
27,Андроид-разработка\Kotlin\ООП\Абстрактный класс.md,2025-01-02 16:32:26.340303,0
28,Андроид-разработка\Kotlin\ООП\Анонимные объекты.md,2025-01-02 17:16:53.273677,0
29,Андроид-разработка\Kotlin\ООП\Интерфейс.md,2025-01-02 16:37:58.610045,0
30,Андроид-разработка\Kotlin\ООП\Класс.md,2025-01-01 19:03:31.635906,0
31,Андроид-разработка\Kotlin\ООП\Конструктор класса.md,2025-01-01 19:04:45.472864,0
32,Андроид-разработка\Kotlin\ООП\Модификаторы доступа.md,2025-01-01 19:10:55.736689,0
33,Андроид-разработка\Kotlin\ООП\ООП.md,2025-01-01 19:03:14.825700,0
34,Андроид-разработка\Kotlin\ООП\Принципы ООП.md,2025-01-01 19:09:27.047598,0
35,Андроид-разработка\Kotlin\ООП\Паттерны проектирования\Singleton.md,2025-01-02 17:12:56.964385,0
36,Андроид-разработка\Kotlin\ООП\Паттерны проектирования\Паттерны проектирования.md,2025-01-02 17:12:24.716925,0
37,Математика\Математика.md,2025-01-09 09:46:48.644227,0
38,Математика\Геометрия\Геометрия.md,2024-12-17 13:26:53.065432,0
39,Математика\Геометрия\Гомотетия.md,2024-12-17 13:30:01.721575,0
40,Математика\Геометрия\Касание.md,2024-12-17 15:14:28.773898,0
41,Математика\Геометрия\Преобразования.md,2024-12-17 13:29:39.363152,0
42,Математика\Геометрия\Прямая Эйлера.md,2024-12-17 13:27:23.964936,0
43,Математика\Геометрия\Свойства ортоцентра.md,2024-12-17 15:03:16.546973,0
44,Математика\Геометрия\Степень точки.md,2024-12-17 15:07:47.559355,0
45,Математика\Линейная алгебра\Cистемы линейных уравнений.md,2024-11-15 18:14:13.226466,0
46,Математика\Линейная алгебра\Линейная алгебра.md,2024-11-15 09:58:33.824611,0
47,Математика\Линейная алгебра\Линейная комбинация.md,2024-11-19 11:43:52.309047,0
48,Математика\Линейная алгебра\Векторы\Векторы.md,2024-11-15 09:58:33.824611,0
49,Математика\Линейная алгебра\Векторы\Интерпретации векторов.md,2024-11-15 10:05:10.098609,0
50,Математика\Линейная алгебра\Векторы\Норма вектора.md,2024-11-15 21:45:51.876216,0
51,Математика\Линейная алгебра\Векторы\Операции над векторами.md,2024-11-15 10:06:07.775542,0
52,Математика\Линейная алгебра\Матрицы\Вырожденная матрица.md,2024-11-15 18:16:23.648670,0
53,Математика\Линейная алгебра\Матрицы\Диагональная матрица.md,2024-11-19 12:00:27.847176,0
54,Математика\Линейная алгебра\Матрицы\Единичная матрица.md,2024-11-15 18:00:48.974005,0
55,Математика\Линейная алгебра\Матрицы\Матрицы.md,2024-11-15 17:58:43.815456,0
56,Математика\Линейная алгебра\Матрицы\Норма матрицы.md,2024-11-15 18:15:32.276619,0
57,Математика\Линейная алгебра\Матрицы\Обратная матрица.md,2024-11-15 18:14:57.958741,0
58,Математика\Линейная алгебра\Матрицы\Операции над матрицами.md,2024-11-15 17:59:15.737214,0
59,Математика\Линейная алгебра\Матрицы\Определитель матрицы.md,2024-11-15 18:17:47.630769,0
60,Математика\Матанализ\Бином Ньютона.md,2024-11-13 21:44:57.791406,0
61,Математика\Матанализ\Градиент.md,2024-11-17 19:02:13.996229,0
62,Математика\Матанализ\Матанализ.md,2024-11-15 09:56:08.277648,0
63,Математика\Матанализ\Непрерывность функции.md,2024-11-17 17:30:35.502672,0
64,Математика\Матанализ\Неравенство Бернулли.md,2024-11-13 21:59:12.987802,0
65,Математика\Матанализ\Правила дифференцирования.md,2024-11-15 18:52:12.408788,0
66,Математика\Матанализ\Предел.md,2024-11-13 22:14:16.372007,0
67,Математика\Матанализ\Производная.md,2024-11-15 18:48:29.758677,0
68,Математика\Матанализ\Сигмоида.md,2024-11-18 16:38:15.498118,0
69,Математика\Матанализ\Частные производные.md,2024-11-17 18:59:08.614398,0
70,Математика\Матанализ\Экспонента.md,2024-11-17 17:01:46.041388,0
71,Математика\Последовательности\Зацикливание.md,2024-12-17 15:31:28.594361,0
72,Математика\Последовательности\Последовательности.md,2024-12-17 15:30:58.941402,0
73,Математика\Теория вероятности и статистика\Вероятностное пространство.md,2024-11-16 07:53:30.683264,0
74,Математика\Теория вероятности и статистика\Вероятность.md,2024-11-16 19:29:39.140456,0
75,Математика\Теория вероятности и статистика\Выборка.md,2024-11-16 09:10:12.577100,0
76,Математика\Теория вероятности и статистика\Генеральная совокупность.md,2024-11-16 19:41:52.104443,0
77,Математика\Теория вероятности и статистика\Испытание.md,2024-11-16 08:14:21.782830,0
78,Математика\Теория вероятности и статистика\Ковариация.md,2024-11-16 11:32:03.171864,0
79,Математика\Теория вероятности и статистика\Корреляция.md,2024-11-16 12:24:37.357688,0
80,Математика\Теория вероятности и статистика\Независимость случайных величин.md,2024-11-16 09:15:23.757079,0
81,Математика\Теория вероятности и статистика\Независимые события.md,2024-11-16 08:10:12.859621,0
82,Математика\Теория вероятности и статистика\Нормальное распределение.md,2024-11-16 08:53:36.864907,0
83,Математика\Теория вероятности и статистика\Правило трех сигм.md,2024-11-16 11:29:48.420321,0
84,Математика\Теория вероятности и статистика\Распределение случайной величины.md,2024-11-16 08:47:25.445972,0
85,Математика\Теория вероятности и статистика\Случайная величина.md,2024-11-16 08:39:14.278726,0
86,Математика\Теория вероятности и статистика\Событие.md,2024-11-16 08:07:34.799434,0
87,Математика\Теория вероятности и статистика\Стандартная ошибка среднего.md,2024-11-19 13:08:26.974209,0
88,Математика\Теория вероятности и статистика\Теорема Гаусса-Маркова.md,2024-11-19 12:20:13.191996,0
89,Математика\Теория вероятности и статистика\Теория вероятности.md,2024-11-16 07:53:01.488955,0
90,Математика\Теория вероятности и статистика\Условная вероятность.md,2024-11-16 08:09:25.417032,0
91,Математика\Теория вероятности и статистика\Характеристики разброса.md,2024-11-16 11:00:20.257818,0
92,Математика\Теория вероятности и статистика\Характеристики среднего.md,2024-11-16 10:56:28.986375,0
93,Математика\Теория вероятности и статистика\Центральная предельная теорема.md,2024-11-16 19:38:40.709980,0
94,Математика\Теория вероятности и статистика\Элементарный исход.md,2024-11-16 08:05:57.611335,0
95,Математика\Теория графов\Графы.md,2024-12-17 11:03:28.859448,0
96,Математика\Теория графов\Двудольный граф.md,2024-12-17 11:12:48.274887,0
97,Математика\Теория графов\Лемма о рукопожатиях.md,2024-12-17 11:04:06.041619,0
98,Математика\Тригонометрия\sin(arcsin) и наоборот.md,2025-01-09 10:15:56.466952,0
99,Математика\Тригонометрия\Арк-функции.md,2025-01-09 09:45:01.865476,0
100,Математика\Тригонометрия\Тождества в арк-функциях.md,2025-01-09 10:24:22.193735,0
101,Математика\Тригонометрия\Тригонометрия.md,2025-01-09 09:45:26.906448,0
102,Математика\Тригонометрия\Четность арк-функций.md,2025-01-09 10:19:16.549206,0
103,Математика\Функции\Обратные функции.md,2025-01-09 10:26:01.666973,0
104,Математика\Функции\Функции.md,2025-01-09 10:26:01.666973,0
105,Математика\Функции\Четность обратных функций.md,2025-01-09 10:20:06.228192,0
106,Машинное обучение\EDA.md,2025-01-14 19:01:18.505802,0
107,Машинное обучение\Pipeline машинного обучения.md,2024-11-17 09:23:09.443963,0
108,Машинное обучение\Pipelines.md,2025-01-17 09:03:01.743766,0
109,Машинное обучение\лайфхаки.md,2024-12-15 18:01:15.702207,0
110,Машинное обучение\Машинное обучение.md,2025-01-16 21:19:00.708397,0
111,Машинное обучение\Полезные штуки.md,2025-01-16 21:19:28.182346,0
112,Машинное обучение\Тестирование модели.md,2025-01-04 12:31:16.895392,0
113,Машинное обучение\NLP\Bag of words.md,2025-01-10 09:40:05.823851,0
114,Машинное обучение\NLP\BERT.md,2025-01-16 12:41:06.459913,0
115,Машинное обучение\NLP\FastText.md,2025-01-16 10:43:40.087418,0
116,Машинное обучение\NLP\few_shot классификация текста.md,2025-01-13 11:05:47.359808,0
117,Машинное обучение\NLP\Glove.md,2025-01-10 09:45:33.653960,0
118,Машинное обучение\NLP\Named entity recongition.md,2025-01-17 09:43:03.567557,0
119,Машинное обучение\NLP\NLP.md,2025-01-10 09:34:25.504880,0
120,Машинное обучение\NLP\Spacy.md,2025-01-17 09:03:42.086904,0
121,Машинное обучение\NLP\TF-IDF.md,2025-01-10 10:15:34.264642,0
122,Машинное обучение\NLP\Word2Vec.md,2025-01-10 09:45:27.677128,0
123,Машинное обучение\NLP\Zero-shot классификация текста.md,2025-01-13 11:04:13.106041,0
124,Машинное обучение\NLP\Библиотека transformers.md,2025-01-13 11:06:49.876169,0
125,Машинное обучение\NLP\Выделение признаков из текста.md,2025-01-10 09:38:46.593431,0
126,Машинное обучение\NLP\Лемматизация.md,2025-01-10 09:58:49.051919,0
127,Машинное обучение\NLP\Методы классификации текста.md,2025-01-10 09:34:43.107328,0
128,Машинное обучение\NLP\Перевод с помощью word2vec.md,2025-01-13 11:43:19.265815,0
129,Машинное обучение\NLP\Предобработка текста.md,2025-01-10 09:53:47.172618,0
130,Машинное обучение\NLP\Стэминг.md,2025-01-10 13:01:27.479034,0
131,Машинное обучение\NLP\Суммаризация.md,2025-01-13 11:11:56.499465,0
132,Машинное обучение\NLP\Токенизация в Keras.md,2025-01-17 10:21:08.386218,0
133,Машинное обучение\NLP\Токенизация.md,2025-01-10 09:55:34.303922,0
134,Машинное обучение\NLP\Эмбеддинги на основе трансформеров.md,2025-01-16 12:40:54.713940,0
135,Машинное обучение\NLP\Эмбеддинги слов.md,2025-01-10 09:43:06.636584,0
136,Машинное обучение\Python\All.md,2025-01-04 11:35:34.925181,0
137,Машинное обучение\Python\Dataframe sample.md,2024-12-10 14:02:26.713239,0
138,Машинное обучение\Python\pip.md,2024-12-20 21:47:48.742743,0
139,Машинное обучение\Python\Python.md,2024-12-10 12:55:17.258815,0
140,Машинное обучение\Python\Set.md,2024-12-10 12:55:50.935782,0
141,Машинное обучение\Python\TQDM.md,2025-01-04 11:30:32.961691,0
142,Машинное обучение\Python\WatchDog.md,2025-01-05 15:11:56.979761,0
143,Машинное обучение\Python\Генераторы.md,2025-01-03 19:16:03.166021,0
144,Машинное обучение\Python\Декораторы.md,2024-12-10 12:57:04.912932,0
145,Машинное обучение\Python\Numpy\Concatenate.md,2024-11-20 11:49:21.074968,0
146,Машинное обучение\Python\Numpy\Hstack и Vstack.md,2024-11-17 15:58:06.077200,0
147,Машинное обучение\Python\Numpy\Linalg.md,2024-11-15 16:57:34.213100,0
148,Машинное обучение\Python\Numpy\Numpy.md,2024-11-15 13:40:11.696981,0
149,"Машинное обучение\Python\Numpy\Добавление, удаление и сортировка массивов.md",2024-11-15 13:40:38.660219,0
150,Машинное обучение\Python\Numpy\Операции линейной алгебры в numpy.md,2024-11-15 16:51:27.133182,0
151,Машинное обучение\Python\Numpy\Срезы.md,2024-11-15 15:32:52.531414,0
152,Машинное обучение\Python\Numpy\Функции агрегирования.md,2024-11-15 15:38:30.646844,0
153,Машинное обучение\Python\Numpy\Функция strip.md,2024-11-20 14:49:08.257657,0
154,Машинное обучение\Python\Pandas\Assign.md,2024-12-12 22:40:00.908538,0
155,"Машинное обучение\Python\Pandas\DataFrame.filter(items=None, like=None, regex=None, axis=None).md",2024-12-12 18:42:22.529699,0
156,Машинное обучение\Python\Pandas\df.column.hist().md,2024-12-12 20:38:22.602946,0
157,Машинное обучение\Python\Pandas\df.column.plot.scatter(x='column').md,2024-12-12 20:42:47.415249,0
158,Машинное обучение\Python\Pandas\df.explode().md,2024-12-12 20:03:37.553784,0
159,Машинное обучение\Python\Pandas\df.info().md,2024-12-12 17:58:14.667830,0
160,Машинное обучение\Python\Pandas\df.iterrows().md,2024-12-10 11:19:47.416297,0
161,Машинное обучение\Python\Pandas\Pandas.md,2024-11-20 14:54:29.412602,0
162,Машинное обучение\Python\Pandas\Pipe.md,2024-12-10 15:40:00.640945,0
163,Машинное обучение\Python\Pandas\Pivot table.md,2024-12-12 19:03:00.186191,0
164,Машинное обучение\Python\Pandas\reset_index.md,2024-12-19 20:59:56.659318,0
165,Машинное обучение\Python\Pandas\select_dtypes.md,2024-11-20 14:54:29.412602,0
166,Машинное обучение\Python\Pandas\series_row.values().md,2024-12-11 09:07:15.667994,0
167,Машинное обучение\Python\Pandas\Unstack.md,2024-12-12 19:02:08.700324,0
168,Машинное обучение\Python\Pandas\Без названия.md,2024-12-12 22:26:50.118368,0
169,Машинное обучение\Python\Pandas\Заполнение пропусков в каждой колонке по разному.md,2024-12-12 22:36:54.093877,0
170,Машинное обучение\Python\Pandas\Обращения к строкам датафрейма.md,2024-12-12 17:33:12.707588,0
171,Машинное обучение\Python\Pandas\Подсчет частот каждого уникального класса в датасете.md,2024-12-10 11:20:25.823197,0
172,Машинное обучение\Python\Pandas\Расчет среднего только по численным колонкам.md,2024-12-12 19:27:29.952713,0
173,Машинное обучение\Python\Pandas\Хайповая фильтрация.md,2024-12-12 22:46:28.717802,0
174,Машинное обучение\Python\Pandas\Объединения датафреймов\Join.md,2024-12-19 15:33:26.212603,0
175,Машинное обучение\Python\Pandas\Объединения датафреймов\Merge.md,2024-12-19 15:20:38.035287,0
176,Машинное обучение\Python\PyTorch\Autograd.md,2024-11-21 18:05:52.525283,0
177,Машинное обучение\Python\PyTorch\CUDA.md,2024-11-21 17:59:45.897949,0
178,Машинное обучение\Python\PyTorch\ExponentialLR.md,2025-01-04 11:56:15.773987,0
179,Машинное обучение\Python\PyTorch\ImageFolder.md,2025-01-02 19:05:23.645152,0
180,Машинное обучение\Python\PyTorch\LambdaLR.md,2025-01-04 11:43:50.081453,0
181,Машинное обучение\Python\PyTorch\Lr_sheduler.md,2025-01-04 11:39:09.741897,0
182,Машинное обучение\Python\PyTorch\MultiStepLR.md,2025-01-04 11:48:41.097171,0
183,Машинное обучение\Python\PyTorch\nn.Module.md,2024-11-21 18:09:14.042768,0
184,Машинное обучение\Python\PyTorch\nn.ModuleDict.md,2025-01-03 19:08:38.985112,0
185,Машинное обучение\Python\PyTorch\nn.ModuleList.md,2025-01-03 19:02:43.631859,0
186,Машинное обучение\Python\PyTorch\PyTorch.md,2024-11-21 17:10:55.483510,0
187,Машинное обучение\Python\PyTorch\ReduceLROnPlateau.md,2025-01-04 11:59:37.094033,0
188,Машинное обучение\Python\PyTorch\StepLR.md,2025-01-04 11:53:33.543175,0
189,Машинное обучение\Python\PyTorch\Tensor.md,2024-11-21 17:16:26.845640,0
190,Машинное обучение\Python\PyTorch\Torchvision VGG.md,2025-01-05 14:30:48.530229,0
191,Машинное обучение\Python\PyTorch\Арифметика в PyTorch.md,2024-11-21 17:50:06.252452,0
192,Машинное обучение\Python\PyTorch\Трансформации для изображений.md,2025-01-02 19:14:54.879330,0
193,Машинное обучение\Python\Seaborn\Hue.md,2024-12-12 20:47:45.446551,0
194,Машинное обучение\Python\Seaborn\Kdeplot.md,2024-12-12 20:54:38.013985,0
195,Машинное обучение\Python\Seaborn\Lmplot.md,2024-12-12 20:45:50.670431,0
196,Машинное обучение\Python\Seaborn\Violinplot.md,2024-12-12 21:30:05.011509,0
197,Машинное обучение\Python\Seaborn\Методы графиков.md,2024-12-12 20:50:08.405551,0
198,Машинное обучение\Python\sklearn\GridSearchCV.md,2024-12-06 17:46:35.589636,0
199,Машинное обучение\Python\sklearn\Sklearn compose.md,2024-11-20 18:42:08.691919,0
200,Машинное обучение\Python\sklearn\sklearn cross_val_score.md,2024-11-22 17:40:48.732810,0
201,Машинное обучение\Python\sklearn\Sklearn pipeline.md,2024-11-20 18:38:49.673724,0
202,Машинное обучение\Python\sklearn\Sklearn.md,2024-11-20 18:41:45.707638,0
203,Машинное обучение\Python\String\String in Python.md,2025-01-10 12:45:47.650119,0
204,Машинное обучение\Python\ООП\Наследование в Python.md,2025-01-03 18:26:08.649027,0
205,Машинное обучение\Python\ООП\ООП.md,2025-01-03 18:25:10.221184,0
206,Машинное обучение\Python\ООП\Принципы ООП в Python.md,2025-01-03 18:25:44.415148,0
207,Машинное обучение\Алгоритмы машинного обучения\KNNRegressor.md,2024-11-17 10:08:03.829272,0
208,Машинное обучение\Алгоритмы машинного обучения\Алгоритм градиентной оптимизации.md,2024-11-17 19:26:28.860662,0
209,Машинное обучение\Алгоритмы машинного обучения\Алгоритмы классификации.md,2024-11-19 16:01:21.916896,0
210,Машинное обучение\Алгоритмы машинного обучения\Алгоритмы регрессии.md,2024-11-19 16:00:13.093786,0
211,Машинное обучение\Алгоритмы машинного обучения\Линейная регрессия.md,2024-11-17 15:10:49.849021,0
212,Машинное обучение\Алгоритмы машинного обучения\Логистическая регрессия.md,2024-11-19 09:54:26.335448,0
213,Машинное обучение\Алгоритмы машинного обучения\Метод k-ближайших соседей.md,2024-11-17 08:40:30.224271,0
214,Машинное обучение\Алгоритмы машинного обучения\Решающее дерево.md,2024-11-20 13:03:00.623631,0
215,Машинное обучение\Алгоритмы машинного обучения\Случайный лес.md,2024-11-20 15:47:18.369026,0
216,Машинное обучение\ВАще негуглил\AdaBoost.md,2024-12-11 17:48:27.392439,0
217,Машинное обучение\ВАще негуглил\Cross-enthropy.md,2025-01-13 10:30:12.520386,0
218,Машинное обучение\ВАще негуглил\PermutationImportance.md,2024-12-11 16:45:47.390001,0
219,Машинное обучение\ВАще негуглил\Pseudolabelling.md,2024-12-15 13:12:09.819766,0
220,Машинное обучение\ВАще негуглил\Random search.md,2024-12-06 16:33:18.018126,0
221,Машинное обучение\ВАще негуглил\SVM.md,2024-12-06 15:30:33.920290,0
222,Машинное обучение\ВАще негуглил\XGBoost.md,2024-12-11 17:48:50.692477,0
223,Машинное обучение\ВАще негуглил\Временные ряды.md,2024-11-20 14:58:53.850079,0
224,Машинное обучение\ВАще негуглил\Метод максимального правдоподобия.md,2024-11-19 12:45:39.389274,0
225,Машинное обучение\ВАще негуглил\Метод минимизации эмпирического риска.md,2024-11-19 10:48:47.123579,0
226,Машинное обучение\ВАще негуглил\Наивный Баес.md,2024-12-06 15:30:33.920290,0
227,Машинное обучение\ВАще негуглил\Параллельные вычисления.md,2024-11-20 16:36:29.770255,0
228,Машинное обучение\Все остальное\Optuna.md,2024-12-07 20:03:14.167342,0
229,Машинное обучение\Все остальное\Pipeline обучения модели.md,2024-11-19 15:09:55.533019,0
230,Машинное обучение\Все остальное\Гиперпараметры.md,2024-11-17 08:49:38.914974,0
231,Машинное обучение\Все остальное\Задача машинного обучения.md,2024-11-17 08:29:42.414338,0
232,Машинное обучение\Все остальное\Машинное обучение.md,2024-11-19 15:54:37.197385,0
233,Машинное обучение\Все остальное\Метрики.md,2024-11-17 08:39:16.907703,0
234,Машинное обучение\Все остальное\Переобучение.md,2024-11-17 08:37:12.605100,0
235,Машинное обучение\Все остальное\Регуляризация.md,2024-11-19 12:40:21.709726,0
236,Машинное обучение\Все остальное\Стратификация.md,2024-12-06 15:18:26.244368,0
237,Машинное обучение\Все остальное\Функция unzip в юпитере.md,2024-11-17 08:48:31.456824,0
238,Машинное обучение\Композиции алгоритмов\Ансамблевые методы.md,2024-12-11 17:48:03.497025,0
239,Машинное обучение\Композиции алгоритмов\блендинг.md,2024-11-20 16:03:32.846853,0
240,Машинное обучение\Композиции алгоритмов\Бустинг.md,2024-11-20 16:10:59.725178,0
241,Машинное обучение\Композиции алгоритмов\бутстреп.md,2024-11-20 15:38:29.864878,0
242,Машинное обучение\Композиции алгоритмов\бэггинг.md,2024-11-20 15:42:49.540402,0
243,Машинное обучение\Композиции алгоритмов\Композиции алгоритмов.md,2024-11-20 15:29:57.225850,0
244,Машинное обучение\Композиции алгоритмов\Метод простого голосования.md,2024-11-20 15:30:27.221611,0
245,Машинное обучение\Композиции алгоритмов\Стохастический градиентный спуск.md,2024-11-19 11:11:47.858649,0
246,Машинное обучение\Композиции алгоритмов\Стэкинг.md,2024-11-20 15:55:27.173014,0
247,Машинное обучение\Композиции алгоритмов\Теорема Кондорсе о суде присяжных.md,2024-11-20 15:26:43.894274,0
248,Машинное обучение\Композиции алгоритмов\CatBoost\CatBoost CV.md,2024-11-22 19:19:12.724626,0
249,Машинное обучение\Композиции алгоритмов\CatBoost\CatBoost.md,2024-11-22 19:18:46.321904,0
250,Машинное обучение\Нейросети\NAS.md,2025-01-15 08:53:58.227027,0
251,Машинное обучение\Нейросети\self-supervised learning.md,2025-01-13 12:35:01.303722,0
252,Машинное обучение\Нейросети\Transfer learning.md,2024-12-29 21:00:29.991225,0
253,Машинное обучение\Нейросети\Виды нейросетей.md,2025-01-03 18:22:36.729782,0
254,Машинное обучение\Нейросети\Линейный слой нейросети.md,2025-01-03 18:52:26.234289,0
255,Машинное обучение\Нейросети\Нейрон.md,2024-11-21 10:39:18.516991,0
256,Машинное обучение\Нейросети\Нейросети.md,2024-11-21 10:24:19.554212,0
257,Машинное обучение\Нейросети\Перцептрон.md,2024-11-21 10:26:27.124919,0
258,Машинное обучение\Нейросети\Подготовка данных.md,2025-01-02 18:09:20.585170,0
259,Машинное обучение\Нейросети\Полнота и сходимость нейросети.md,2024-11-21 10:24:55.133415,0
260,Машинное обучение\Нейросети\Рекуррентные нейросети.md,2024-11-21 10:36:30.350327,0
261,Машинное обучение\Нейросети\Сжатие модели.md,2025-01-15 08:54:45.366485,0
262,Машинное обучение\Нейросети\Создание нейросети.md,2025-01-03 18:21:46.108705,0
263,Машинное обучение\Нейросети\Сохранение модели.md,2025-01-03 19:13:59.107071,0
264,Машинное обучение\Нейросети\Трансформеры.md,2024-11-21 10:37:51.361888,0
265,Машинное обучение\Нейросети\Функция активации.md,2024-11-21 12:25:53.546616,0
266,Машинное обучение\Нейросети\Функция потерь.md,2024-11-19 15:14:20.645631,0
267,Машинное обучение\Нейросети\Компьютерное зрение\AlexNet.md,2024-12-29 20:39:52.863858,0
268,Машинное обучение\Нейросети\Компьютерное зрение\CNN + upsampling.md,2024-12-29 11:52:16.663973,0
269,Машинное обучение\Нейросети\Компьютерное зрение\CRF.md,2024-12-29 11:55:06.258518,0
270,Машинное обучение\Нейросети\Компьютерное зрение\Flatten.md,2025-01-05 13:43:20.255151,0
271,Машинное обучение\Нейросети\Компьютерное зрение\Fully-convolutional network.md,2024-12-29 11:50:22.543338,0
272,Машинное обучение\Нейросети\Компьютерное зрение\Pooling.md,2025-01-05 14:07:57.206538,0
273,Машинное обучение\Нейросети\Компьютерное зрение\ResNet.md,2024-12-29 20:55:23.974010,0
274,Машинное обучение\Нейросети\Компьютерное зрение\SegNet.md,2024-12-30 09:05:30.806639,0
275,Машинное обучение\Нейросети\Компьютерное зрение\Semantic segmentation.md,2024-12-29 11:38:12.283001,0
276,Машинное обучение\Нейросети\Компьютерное зрение\Transposed convolution.md,2024-12-30 08:58:59.693311,0
277,Машинное обучение\Нейросети\Компьютерное зрение\U-Net.md,2024-12-30 09:09:21.784584,0
278,Машинное обучение\Нейросети\Компьютерное зрение\upsampling.md,2024-12-29 11:57:55.919463,0
279,Машинное обучение\Нейросети\Компьютерное зрение\VGG.md,2024-12-29 20:42:07.097685,0
280,Машинное обучение\Нейросети\Компьютерное зрение\Генерация изображений.md,2024-12-29 11:34:22.614787,0
281,Машинное обучение\Нейросети\Компьютерное зрение\Генерация описания к изображению.md,2024-12-29 11:35:29.675868,0
282,Машинное обучение\Нейросети\Компьютерное зрение\Детекция.md,2024-12-29 11:25:30.672168,0
283,Машинное обучение\Нейросети\Компьютерное зрение\карта сегментации.md,2024-12-29 11:29:42.989134,0
284,Машинное обучение\Нейросети\Компьютерное зрение\Классификация.md,2024-12-29 11:25:21.211850,0
285,Машинное обучение\Нейросети\Компьютерное зрение\Компьютерное зрение.md,2024-12-29 11:23:20.834911,0
286,Машинное обучение\Нейросети\Компьютерное зрение\Оптическое распознавание символов.md,2024-12-29 11:36:03.327971,0
287,Машинное обучение\Нейросети\Компьютерное зрение\Перенос стиля.md,2024-12-29 11:32:50.114730,0
288,Машинное обучение\Нейросети\Компьютерное зрение\Поиск похожих картинок.md,2024-12-29 11:37:28.068317,0
289,Машинное обучение\Нейросети\Компьютерное зрение\Проблема затухания градиентов.md,2024-12-29 20:46:49.112804,0
290,Машинное обучение\Нейросети\Компьютерное зрение\Сверточная нейросеть.md,2024-12-29 11:56:52.097301,0
291,Машинное обучение\Нейросети\Компьютерное зрение\Сверточный слой.md,2025-01-05 13:19:44.042499,0
292,Машинное обучение\Нейросети\Компьютерное зрение\Сегментация.md,2024-12-29 11:25:37.825472,0
293,Машинное обучение\Нейросети\Компьютерное зрение\Скользящее окно.md,2024-12-29 11:45:28.911446,0
294,Машинное обучение\Нейросети\Обучение нейросети\Back Propogation.md,2024-11-21 10:36:03.992309,0
295,Машинное обучение\Нейросети\Обучение нейросети\Обучение нейросети.md,2025-01-02 17:49:13.677274,0
296,Машинное обучение\Нейросети\Обучение нейросети\Оптимизатор градиентного спуска.md,2025-01-02 19:59:39.718305,0
297,Машинное обучение\Нейросети\Обучение нейросети\Подбор количества слоев.md,2024-12-30 08:31:43.898448,0
298,Машинное обучение\Нейросети\Переобучение\Batch normalization.md,2024-11-21 19:11:19.548664,0
299,Машинное обучение\Нейросети\Переобучение\Dropout.md,2024-11-21 19:06:55.075207,0
300,Машинное обучение\Нейросети\Переобучение\Weight decay.md,2024-11-21 19:03:38.044915,0
301,Машинное обучение\Нейросети\Переобучение\Борьба с переобучением.md,2025-01-05 12:54:04.443216,0
302,Машинное обучение\Нейросети\Переобучение\Регуляризация в нейросетях.md,2024-11-21 19:01:34.976554,0
303,Машинное обучение\Обучение без учителя\Задача снижения размерности.md,2025-01-10 16:49:23.509375,0
304,Машинное обучение\Обучение без учителя\Обучение без учителя.md,2025-01-10 16:48:43.198394,0
305,Машинное обучение\Предобработка данных\Data leaks.md,2024-11-19 15:30:09.862934,0
306,Машинное обучение\Предобработка данных\Feature engineering.md,2024-11-19 15:06:30.707731,0
307,Машинное обучение\Предобработка данных\Oversampling.md,2024-12-06 15:14:06.116785,0
308,Машинное обучение\Предобработка данных\Undersampling.md,2024-12-06 15:15:31.171896,0
309,Машинное обучение\Предобработка данных\Дизбаланс классов.md,2024-11-19 15:27:37.297523,0
310,Машинное обучение\Предобработка данных\Кросс-валидация.md,2024-11-17 09:33:21.375653,0
311,Машинное обучение\Предобработка данных\Мультиколлинеарность.md,2024-11-19 13:01:50.084458,0
312,Машинное обучение\Предобработка данных\Нормализация признаков.md,2024-11-17 08:43:37.374832,0
313,Машинное обучение\Предобработка данных\Обработка пропусков.md,2024-11-19 15:27:05.984358,0
314,Машинное обучение\Предобработка данных\Очистка выбросов.md,2024-11-19 15:26:28.389187,0
315,Машинное обучение\Предобработка данных\Предобработка данных.md,2024-11-17 09:17:08.853522,0
316,Машинное обучение\Предобработка данных\Работа с категориальными данными.md,2024-11-17 09:18:25.264442,0
317,Машинное обучение\Предобработка данных\Разделение датасета на части (HoldOut).md,2024-11-19 14:44:25.625545,0
318,Машинное обучение\Тестирование алгоритма\K-Fold.md,2025-01-10 10:52:00.323446,0
319,Машинное обучение\Тестирование алгоритма\Тестирование алгоритма.md,2025-01-10 10:51:39.817355,0
